Network,Annotation
MyList,GO:0090407|organophosphate biosynthetic process|-100.0;GO:0019693|ribose phosphate metabolic process|-100.0;GO:0009259|ribonucleotide metabolic process|-100.0
MyList_MCODE_ALL,GO:0090407|organophosphate biosynthetic process|-100.0;GO:0019693|ribose phosphate metabolic process|-100.0;GO:0009259|ribonucleotide metabolic process|-100.0
MyList_SUB1_MCODE_1,GO:0006091|generation of precursor metabolites and energy|-100.0;hsa00190|Oxidative phosphorylation|-92.7;WP111|Electron transport chain: OXPHOS system in mitochondria|-81.5
MyList_SUB1_MCODE_2,GO:0055086|nucleobase-containing small molecule metabolic process|-43.1;GO:0009117|nucleotide metabolic process|-40.2;GO:0006753|nucleoside phosphate metabolic process|-39.9
MyList_SUB1_MCODE_3,GO:0006506|GPI anchor biosynthetic process|-34.3;GO:0006505|GPI anchor metabolic process|-34.0;GO:1901137|carbohydrate derivative biosynthetic process|-33.2
MyList_SUB1_MCODE_4,hsa01240|Biosynthesis of cofactors|-18.8;GO:0055086|nucleobase-containing small molecule metabolic process|-18.2;GO:0090407|organophosphate biosynthetic process|-14.6
MyList_SUB1_MCODE_5,GO:0090407|organophosphate biosynthetic process|-16.7;hsa00510|N-Glycan biosynthesis|-16.5;GO:1901137|carbohydrate derivative biosynthetic process|-14.6
MyList_SUB1_MCODE_6,WP4022|Pyrimidine metabolism|-31.5;hsa03020|RNA polymerase|-29.9;GO:0003899|DNA-directed 5'-3' RNA polymerase activity|-26.9
MyList_SUB1_MCODE_7,GO:0090407|organophosphate biosynthetic process|-15.3;GO:0046474|glycerophospholipid biosynthetic process|-14.0;GO:0045017|glycerolipid biosynthetic process|-13.6
MyList_SUB1_MCODE_8,GO:0046474|glycerophospholipid biosynthetic process|-8.7;GO:0045017|glycerolipid biosynthetic process|-8.6;GO:0008654|phospholipid biosynthetic process|-8.4
MyList_SUB1_MCODE_9,"GO:0008610|lipid biosynthetic process|-5.1;GO:0016773|phosphotransferase activity, alcohol group as acceptor|-5.0;GO:0016301|kinase activity|-4.9"
_FINAL,GO:0090407|organophosphate biosynthetic process|-100.0;GO:0019693|ribose phosphate metabolic process|-100.0;GO:0009259|ribonucleotide metabolic process|-100.0
_FINAL_MCODE_ALL,GO:0090407|organophosphate biosynthetic process|-100.0;GO:0019693|ribose phosphate metabolic process|-100.0;GO:0009259|ribonucleotide metabolic process|-100.0
_FINAL_SUB1_MCODE_1,GO:0006091|generation of precursor metabolites and energy|-100.0;hsa00190|Oxidative phosphorylation|-92.7;WP111|Electron transport chain: OXPHOS system in mitochondria|-81.5
_FINAL_SUB1_MCODE_2,GO:0055086|nucleobase-containing small molecule metabolic process|-43.1;GO:0009117|nucleotide metabolic process|-40.2;GO:0006753|nucleoside phosphate metabolic process|-39.9
_FINAL_SUB1_MCODE_3,GO:0006506|GPI anchor biosynthetic process|-34.3;GO:0006505|GPI anchor metabolic process|-34.0;GO:1901137|carbohydrate derivative biosynthetic process|-33.2
_FINAL_SUB1_MCODE_4,hsa01240|Biosynthesis of cofactors|-19.0;GO:0055086|nucleobase-containing small molecule metabolic process|-18.4;GO:0090407|organophosphate biosynthetic process|-14.7
_FINAL_SUB1_MCODE_5,GO:0090407|organophosphate biosynthetic process|-16.9;hsa00510|N-Glycan biosynthesis|-16.6;GO:1901137|carbohydrate derivative biosynthetic process|-14.7
_FINAL_SUB1_MCODE_6,WP4022|Pyrimidine metabolism|-31.5;hsa03020|RNA polymerase|-29.9;GO:0003899|DNA-directed 5'-3' RNA polymerase activity|-26.9
_FINAL_SUB1_MCODE_7,GO:0090407|organophosphate biosynthetic process|-15.3;GO:0046474|glycerophospholipid biosynthetic process|-14.0;GO:0045017|glycerolipid biosynthetic process|-13.6
_FINAL_SUB1_MCODE_8,GO:0046474|glycerophospholipid biosynthetic process|-8.7;GO:0045017|glycerolipid biosynthetic process|-8.6;GO:0008654|phospholipid biosynthetic process|-8.4
_FINAL_SUB1_MCODE_9,"GO:0008610|lipid biosynthetic process|-5.1;GO:0016773|phosphotransferase activity, alcohol group as acceptor|-5.0;GO:0016301|kinase activity|-4.9"
