Cluster,Score,Type,Gene,Symbol,Network
1,30.009803921568626,Clustered,4695,NDUFA2,MyList_SUB1
1,30.009803921568626,Clustered,4726,NDUFS6,MyList_SUB1
1,30.009803921568626,Clustered,5471,PPAT,MyList_SUB1
1,30.009803921568626,Clustered,2203,FBP1,MyList_SUB1
1,30.009803921568626,Clustered,10476,ATP5PD,MyList_SUB1
1,30.009803921568626,Clustered,1352,COX10,MyList_SUB1
1,30.009803921568626,Clustered,1355,COX15,MyList_SUB1
1,30.009803921568626,Clustered,4716,NDUFB10,MyList_SUB1
1,30.009803921568626,Clustered,5226,PGD,MyList_SUB1
1,30.009803921568626,Clustered,6390,SDHB,MyList_SUB1
1,30.009803921568626,Clustered,513,ATP5F1D,MyList_SUB1
1,30.009803921568626,Clustered,2805,GOT1,MyList_SUB1
1,30.009803921568626,Clustered,26227,PHGDH,MyList_SUB1
1,30.009803921568626,Clustered,4725,NDUFS5,MyList_SUB1
1,30.009803921568626,Clustered,4724,NDUFS4,MyList_SUB1
1,30.009803921568626,Clustered,374291,NDUFS7,MyList_SUB1
1,30.009803921568626,Clustered,539,ATP5PO,MyList_SUB1
1,30.009803921568626,Clustered,223,ALDH9A1,MyList_SUB1
1,30.009803921568626,Clustered,1337,COX6A1,MyList_SUB1
1,30.009803921568626,Clustered,2539,G6PD,MyList_SUB1
1,30.009803921568626,Clustered,2645,GCK,MyList_SUB1
1,30.009803921568626,Clustered,4723,NDUFV1,MyList_SUB1
1,30.009803921568626,Clustered,498,ATP5F1A,MyList_SUB1
1,30.009803921568626,Clustered,4535,ND1,MyList_SUB1
1,30.009803921568626,Clustered,132,ADK,MyList_SUB1
1,30.009803921568626,Clustered,4698,NDUFA5,MyList_SUB1
1,30.009803921568626,Clustered,5091,PC,MyList_SUB1
1,30.009803921568626,Clustered,4144,MAT2A,MyList_SUB1
1,30.009803921568626,Clustered,6652,SORD,MyList_SUB1
1,30.009803921568626,Clustered,1537,CYC1,MyList_SUB1
1,30.009803921568626,Clustered,5009,OTC,MyList_SUB1
1,30.009803921568626,Clustered,2023,ENO1,MyList_SUB1
1,30.009803921568626,Clustered,8802,SUCLG1,MyList_SUB1
1,30.009803921568626,Clustered,2731,GLDC,MyList_SUB1
1,30.009803921568626,Clustered,353,APRT,MyList_SUB1
1,30.009803921568626,Clustered,7381,UQCRB,MyList_SUB1
1,30.009803921568626,Clustered,1629,DBT,MyList_SUB1
1,30.009803921568626,Clustered,533,ATP6V0B,MyList_SUB1
1,30.009803921568626,Clustered,501,ALDH7A1,MyList_SUB1
1,30.009803921568626,Clustered,2821,GPI,MyList_SUB1
1,30.009803921568626,Clustered,158,ADSL,MyList_SUB1
1,30.009803921568626,Clustered,4514,COX3,MyList_SUB1
1,30.009803921568626,Clustered,191,AHCY,MyList_SUB1
1,30.009803921568626,Clustered,22934,RPIA,MyList_SUB1
1,30.009803921568626,Clustered,38,ACAT1,MyList_SUB1
1,30.009803921568626,Clustered,2875,GPT,MyList_SUB1
1,30.009803921568626,Clustered,4704,NDUFA9,MyList_SUB1
1,30.009803921568626,Clustered,6391,SDHC,MyList_SUB1
1,30.009803921568626,Clustered,4728,NDUFS8,MyList_SUB1
1,30.009803921568626,Clustered,29796,UQCR10,MyList_SUB1
1,30.009803921568626,Clustered,3155,HMGCL,MyList_SUB1
1,30.009803921568626,Clustered,4536,ND2,MyList_SUB1
1,30.009803921568626,Clustered,10632,ATP5MG,MyList_SUB1
1,30.009803921568626,Clustered,529,ATP6V1E1,MyList_SUB1
1,30.009803921568626,Clustered,5213,PFKM,MyList_SUB1
1,30.009803921568626,Clustered,4694,NDUFA1,MyList_SUB1
1,30.009803921568626,Clustered,2819,GPD1,MyList_SUB1
1,30.009803921568626,Clustered,9296,ATP6V1F,MyList_SUB1
1,30.009803921568626,Clustered,6470,SHMT1,MyList_SUB1
1,30.009803921568626,Clustered,471,ATIC,MyList_SUB1
1,30.009803921568626,Clustered,7360,UGP2,MyList_SUB1
1,30.009803921568626,Clustered,5223,PGAM1,MyList_SUB1
1,30.009803921568626,Clustered,4508,ATP6,MyList_SUB1
1,30.009803921568626,Clustered,4537,ND3,MyList_SUB1
1,30.009803921568626,Clustered,10063,COX17,MyList_SUB1
1,30.009803921568626,Clustered,3939,LDHA,MyList_SUB1
1,30.009803921568626,Clustered,1329,COX5B,MyList_SUB1
1,30.009803921568626,Clustered,7086,TKT,MyList_SUB1
1,30.009803921568626,Clustered,6120,RPE,MyList_SUB1
1,30.009803921568626,Clustered,4729,NDUFV2,MyList_SUB1
1,30.009803921568626,Clustered,4713,NDUFB7,MyList_SUB1
1,30.009803921568626,Clustered,4141,MARS1,MyList_SUB1
1,30.009803921568626,Clustered,2752,GLUL,MyList_SUB1
1,30.009803921568626,Clustered,51079,NDUFA13,MyList_SUB1
1,30.009803921568626,Clustered,440,ASNS,MyList_SUB1
1,30.009803921568626,Clustered,514,ATP5F1E,MyList_SUB1
1,30.009803921568626,Clustered,31,ACACA,MyList_SUB1
1,30.009803921568626,Clustered,5832,ALDH18A1,MyList_SUB1
1,30.009803921568626,Clustered,1719,DHFR,MyList_SUB1
1,30.009803921568626,Clustered,4942,OAT,MyList_SUB1
1,30.009803921568626,Clustered,29968,PSAT1,MyList_SUB1
1,30.009803921568626,Clustered,4702,NDUFA8,MyList_SUB1
1,30.009803921568626,Clustered,4700,NDUFA6,MyList_SUB1
1,30.009803921568626,Clustered,4519,CYTB,MyList_SUB1
1,30.009803921568626,Clustered,7388,UQCRH,MyList_SUB1
1,30.009803921568626,Clustered,3417,IDH1,MyList_SUB1
1,30.009803921568626,Clustered,1723,DHODH,MyList_SUB1
1,30.009803921568626,Seed,2806,GOT2,MyList_SUB1
1,30.009803921568626,Clustered,4512,COX1,MyList_SUB1
1,30.009803921568626,Clustered,516,ATP5MC1,MyList_SUB1
1,30.009803921568626,Clustered,527,ATP6V0C,MyList_SUB1
1,30.009803921568626,Clustered,445,ASS1,MyList_SUB1
1,30.009803921568626,Clustered,4715,NDUFB9,MyList_SUB1
1,30.009803921568626,Clustered,34,ACADM,MyList_SUB1
1,30.009803921568626,Clustered,6392,SDHD,MyList_SUB1
1,30.009803921568626,Clustered,435,ASL,MyList_SUB1
1,30.009803921568626,Clustered,5236,PGM1,MyList_SUB1
1,30.009803921568626,Clustered,4513,COX2,MyList_SUB1
1,30.009803921568626,Clustered,6472,SHMT2,MyList_SUB1
1,30.009803921568626,Clustered,55967,NDUFA12,MyList_SUB1
1,30.009803921568626,Clustered,84076,TKTL2,MyList_SUB1
1,30.009803921568626,Clustered,522,ATP5PF,MyList_SUB1
2,23.632911392405063,Clustered,54995,OXSM,MyList_SUB1
2,23.632911392405063,Clustered,3157,HMGCS1,MyList_SUB1
2,23.632911392405063,Clustered,54205,CYCS,MyList_SUB1
2,23.632911392405063,Clustered,4967,OGDH,MyList_SUB1
2,23.632911392405063,Clustered,5723,PSPH,MyList_SUB1
2,23.632911392405063,Clustered,8801,SUCLG2,MyList_SUB1
2,23.632911392405063,Clustered,2582,GALE,MyList_SUB1
2,23.632911392405063,Clustered,84172,POLR1B,MyList_SUB1
2,23.632911392405063,Clustered,4719,NDUFS1,MyList_SUB1
2,23.632911392405063,Clustered,5238,PGM3,MyList_SUB1
2,23.632911392405063,Clustered,2710,GK,MyList_SUB1
2,23.632911392405063,Clustered,26275,HIBCH,MyList_SUB1
2,23.632911392405063,Clustered,5432,POLR2C,MyList_SUB1
2,23.632911392405063,Clustered,159,ADSS2,MyList_SUB1
2,23.632911392405063,Clustered,6389,SDHA,MyList_SUB1
2,23.632911392405063,Clustered,9942,XYLB,MyList_SUB1
2,23.632911392405063,Clustered,6241,RRM2,MyList_SUB1
2,23.632911392405063,Clustered,506,ATP5F1B,MyList_SUB1
2,23.632911392405063,Clustered,1431,CS,MyList_SUB1
2,23.632911392405063,Clustered,7372,UMPS,MyList_SUB1
2,23.632911392405063,Clustered,8833,GMPS,MyList_SUB1
2,23.632911392405063,Clustered,2224,FDPS,MyList_SUB1
2,23.632911392405063,Clustered,4953,ODC1,MyList_SUB1
2,23.632911392405063,Clustered,3418,IDH2,MyList_SUB1
2,23.632911392405063,Clustered,2744,GLS,MyList_SUB1
2,23.632911392405063,Clustered,275,AMT,MyList_SUB1
2,23.632911392405063,Clustered,4351,MPI,MyList_SUB1
2,23.632911392405063,Clustered,6723,SRM,MyList_SUB1
2,23.632911392405063,Clustered,593,BCKDHA,MyList_SUB1
2,23.632911392405063,Clustered,2181,ACSL3,MyList_SUB1
2,23.632911392405063,Clustered,594,BCKDHB,MyList_SUB1
2,23.632911392405063,Clustered,2058,EPRS1,MyList_SUB1
2,23.632911392405063,Clustered,4706,NDUFAB1,MyList_SUB1
2,23.632911392405063,Clustered,25796,PGLS,MyList_SUB1
2,23.632911392405063,Clustered,1738,DLD,MyList_SUB1
2,23.632911392405063,Clustered,3712,IVD,MyList_SUB1
2,23.632911392405063,Clustered,5198,PFAS,MyList_SUB1
2,23.632911392405063,Clustered,2643,GCH1,MyList_SUB1
2,23.632911392405063,Clustered,11112,HIBADH,MyList_SUB1
2,23.632911392405063,Clustered,5498,PPOX,MyList_SUB1
2,23.632911392405063,Clustered,6240,RRM1,MyList_SUB1
2,23.632911392405063,Clustered,51,ACOX1,MyList_SUB1
2,23.632911392405063,Clustered,4191,MDH2,MyList_SUB1
2,23.632911392405063,Clustered,2632,GBE1,MyList_SUB1
2,23.632911392405063,Clustered,509,ATP5F1C,MyList_SUB1
2,23.632911392405063,Clustered,7386,UQCRFS1,MyList_SUB1
2,23.632911392405063,Clustered,4860,PNP,MyList_SUB1
2,23.632911392405063,Clustered,3251,HPRT1,MyList_SUB1
2,23.632911392405063,Clustered,847,CAT,MyList_SUB1
2,23.632911392405063,Clustered,2673,GFPT1,MyList_SUB1
2,23.632911392405063,Clustered,2653,GCSH,MyList_SUB1
2,23.632911392405063,Clustered,218,ALDH3A1,MyList_SUB1
2,23.632911392405063,Clustered,2597,GAPDH,MyList_SUB1
2,23.632911392405063,Clustered,55703,POLR3B,MyList_SUB1
2,23.632911392405063,Clustered,2271,FH,MyList_SUB1
2,23.632911392405063,Clustered,4524,MTHFR,MyList_SUB1
2,23.632911392405063,Clustered,51727,CMPK1,MyList_SUB1
2,23.632911392405063,Clustered,3614,IMPDH1,MyList_SUB1
2,23.632911392405063,Clustered,51805,COQ3,MyList_SUB1
2,23.632911392405063,Seed,47,ACLY,MyList_SUB1
2,23.632911392405063,Clustered,5625,PRODH,MyList_SUB1
2,23.632911392405063,Clustered,4190,MDH1,MyList_SUB1
2,23.632911392405063,Clustered,7298,TYMS,MyList_SUB1
2,23.632911392405063,Clustered,128,ADH5,MyList_SUB1
2,23.632911392405063,Clustered,5431,POLR2B,MyList_SUB1
2,23.632911392405063,Clustered,5162,PDHB,MyList_SUB1
2,23.632911392405063,Clustered,7167,TPI1,MyList_SUB1
2,23.632911392405063,Clustered,1743,DLST,MyList_SUB1
2,23.632911392405063,Clustered,189,AGXT,MyList_SUB1
2,23.632911392405063,Clustered,6898,TAT,MyList_SUB1
2,23.632911392405063,Clustered,2639,GCDH,MyList_SUB1
2,23.632911392405063,Clustered,27349,MCAT,MyList_SUB1
2,23.632911392405063,Clustered,5230,PGK1,MyList_SUB1
2,23.632911392405063,Clustered,9588,PRDX6,MyList_SUB1
2,23.632911392405063,Clustered,51102,MECR,MyList_SUB1
2,23.632911392405063,Clustered,1806,DPYD,MyList_SUB1
2,23.632911392405063,Clustered,1353,COX11,MyList_SUB1
2,23.632911392405063,Clustered,1737,DLAT,MyList_SUB1
2,23.632911392405063,Clustered,130589,GALM,MyList_SUB1
3,6.520833333333334,Clustered,54965,PIGX,MyList_SUB1
3,6.520833333333334,Clustered,54344,DPM3,MyList_SUB1
3,6.520833333333334,Clustered,84920,ALG10,MyList_SUB1
3,6.520833333333334,Clustered,51227,PIGP,MyList_SUB1
3,6.520833333333334,Clustered,5980,REV3L,MyList_SUB1
3,6.520833333333334,Clustered,23205,ACSBG1,MyList_SUB1
3,6.520833333333334,Clustered,79087,ALG12,MyList_SUB1
3,6.520833333333334,Clustered,4245,MGAT1,MyList_SUB1
3,6.520833333333334,Clustered,6117,RPA1,MyList_SUB1
3,6.520833333333334,Clustered,5433,POLR2D,MyList_SUB1
3,6.520833333333334,Clustered,4128,MAOA,MyList_SUB1
3,6.520833333333334,Clustered,10026,PIGK,MyList_SUB1
3,6.520833333333334,Clustered,85365,ALG2,MyList_SUB1
3,6.520833333333334,Clustered,440138,ALG11,MyList_SUB1
3,6.520833333333334,Clustered,8879,SGPL1,MyList_SUB1
3,6.520833333333334,Clustered,1644,DDC,MyList_SUB1
3,6.520833333333334,Clustered,3988,LIPA,MyList_SUB1
3,6.520833333333334,Clustered,2762,GMDS,MyList_SUB1
3,6.520833333333334,Clustered,54107,POLE3,MyList_SUB1
3,6.520833333333334,Clustered,1603,DAD1,MyList_SUB1
3,6.520833333333334,Clustered,5130,PCYT1A,MyList_SUB1
3,6.520833333333334,Clustered,5426,POLE,MyList_SUB1
3,6.520833333333334,Clustered,199857,ALG14,MyList_SUB1
3,6.520833333333334,Clustered,51005,AMDHD2,MyList_SUB1
3,6.520833333333334,Clustered,5281,PIGF,MyList_SUB1
3,6.520833333333334,Clustered,79947,DHDDS,MyList_SUB1
3,6.520833333333334,Clustered,1119,CHKA,MyList_SUB1
3,6.520833333333334,Clustered,5279,PIGC,MyList_SUB1
3,6.520833333333334,Clustered,51604,PIGT,MyList_SUB1
3,6.520833333333334,Clustered,284098,PIGW,MyList_SUB1
3,6.520833333333334,Seed,8818,DPM2,MyList_SUB1
3,6.520833333333334,Clustered,55577,NAGK,MyList_SUB1
3,6.520833333333334,Clustered,5438,POLR2I,MyList_SUB1
3,6.520833333333334,Clustered,9487,PIGL,MyList_SUB1
3,6.520833333333334,Clustered,9488,PIGB,MyList_SUB1
3,6.520833333333334,Clustered,5422,POLA1,MyList_SUB1
3,6.520833333333334,Clustered,27010,TPK1,MyList_SUB1
3,6.520833333333334,Clustered,10714,POLD3,MyList_SUB1
3,6.520833333333334,Clustered,128869,PIGU,MyList_SUB1
3,6.520833333333334,Clustered,5283,PIGH,MyList_SUB1
3,6.520833333333334,Clustered,23556,PIGN,MyList_SUB1
3,6.520833333333334,Clustered,5558,PRIM2,MyList_SUB1
3,6.520833333333334,Clustered,84720,PIGO,MyList_SUB1
3,6.520833333333334,Clustered,5425,POLD2,MyList_SUB1
3,6.520833333333334,Clustered,79868,ALG13,MyList_SUB1
3,6.520833333333334,Clustered,23649,POLA2,MyList_SUB1
3,6.520833333333334,Clustered,5557,PRIM1,MyList_SUB1
3,6.520833333333334,Clustered,55349,CHDH,MyList_SUB1
4,6.208333333333334,Clustered,2184,FAH,MyList_SUB1
4,6.208333333333334,Clustered,211,ALAS1,MyList_SUB1
4,6.208333333333334,Clustered,5053,PAH,MyList_SUB1
4,6.208333333333334,Clustered,5188,GATB,MyList_SUB1
4,6.208333333333334,Clustered,10423,CDIPT,MyList_SUB1
4,6.208333333333334,Clustered,57016,AKR1B10,MyList_SUB1
4,6.208333333333334,Clustered,2098,ESD,MyList_SUB1
4,6.208333333333334,Clustered,1503,CTPS1,MyList_SUB1
4,6.208333333333334,Clustered,132158,GLYCTK,MyList_SUB1
4,6.208333333333334,Clustered,129607,CMPK2,MyList_SUB1
4,6.208333333333334,Clustered,283871,PGP,MyList_SUB1
4,6.208333333333334,Clustered,11181,TREH,MyList_SUB1
4,6.208333333333334,Clustered,210,ALAD,MyList_SUB1
4,6.208333333333334,Clustered,7358,UGDH,MyList_SUB1
4,6.208333333333334,Clustered,80142,PTGES2,MyList_SUB1
4,6.208333333333334,Clustered,2987,GUK1,MyList_SUB1
4,6.208333333333334,Clustered,27235,COQ2,MyList_SUB1
4,6.208333333333334,Clustered,2592,GALT,MyList_SUB1
4,6.208333333333334,Seed,5373,PMM2,MyList_SUB1
4,6.208333333333334,Clustered,7378,UPP1,MyList_SUB1
4,6.208333333333334,Clustered,5256,PHKA2,MyList_SUB1
4,6.208333333333334,Clustered,51382,ATP6V1D,MyList_SUB1
4,6.208333333333334,Clustered,262,AMD1,MyList_SUB1
4,6.208333333333334,Clustered,23761,PISD,MyList_SUB1
4,6.208333333333334,Clustered,55191,NADSYN1,MyList_SUB1
4,6.208333333333334,Clustered,9054,NFS1,MyList_SUB1
4,6.208333333333334,Clustered,95,ACY1,MyList_SUB1
4,6.208333333333334,Clustered,55554,KLK15,MyList_SUB1
4,6.208333333333334,Clustered,81889,FAHD1,MyList_SUB1
4,6.208333333333334,Clustered,549,AUH,MyList_SUB1
4,6.208333333333334,Clustered,2356,FPGS,MyList_SUB1
4,6.208333333333334,Clustered,7371,UCK2,MyList_SUB1
4,6.208333333333334,Clustered,1841,DTYMK,MyList_SUB1
4,6.208333333333334,Clustered,100,ADA,MyList_SUB1
4,6.208333333333334,Clustered,10157,AASS,MyList_SUB1
4,6.208333333333334,Clustered,1854,DUT,MyList_SUB1
4,6.208333333333334,Clustered,7389,UROD,MyList_SUB1
4,6.208333333333334,Clustered,55748,CNDP2,MyList_SUB1
4,6.208333333333334,Clustered,51477,ISYNA1,MyList_SUB1
4,6.208333333333334,Clustered,64902,AGXT2,MyList_SUB1
4,6.208333333333334,Clustered,8310,ACOX3,MyList_SUB1
4,6.208333333333334,Clustered,5160,PDHA1,MyList_SUB1
4,6.208333333333334,Clustered,4329,ALDH6A1,MyList_SUB1
4,6.208333333333334,Clustered,3156,HMGCR,MyList_SUB1
4,6.208333333333334,Clustered,84274,COQ5,MyList_SUB1
4,6.208333333333334,Clustered,25885,POLR1A,MyList_SUB1
4,6.208333333333334,Clustered,3704,ITPA,MyList_SUB1
4,6.208333333333334,Clustered,65220,NADK,MyList_SUB1
6,4.351351351351351,Clustered,51728,POLR3K,MyList_SUB1
6,4.351351351351351,Clustered,5439,POLR2J,MyList_SUB1
6,4.351351351351351,Clustered,271,AMPD2,MyList_SUB1
6,4.351351351351351,Clustered,5437,POLR2H,MyList_SUB1
6,4.351351351351351,Clustered,171568,POLR3H,MyList_SUB1
6,4.351351351351351,Clustered,528,ATP6V1C1,MyList_SUB1
6,4.351351351351351,Clustered,30834,POLR1H,MyList_SUB1
6,4.351351351351351,Clustered,9533,POLR1C,MyList_SUB1
6,4.351351351351351,Clustered,3242,HPD,MyList_SUB1
6,4.351351351351351,Clustered,622,BDH1,MyList_SUB1
6,4.351351351351351,Clustered,64425,POLR1E,MyList_SUB1
6,4.351351351351351,Clustered,51733,UPB1,MyList_SUB1
6,4.351351351351351,Clustered,7498,XDH,MyList_SUB1
6,4.351351351351351,Clustered,1807,DPYS,MyList_SUB1
6,4.351351351351351,Seed,2235,FECH,MyList_SUB1
6,4.351351351351351,Clustered,534,ATP6V1G2,MyList_SUB1
6,4.351351351351351,Clustered,5440,POLR2K,MyList_SUB1
6,4.351351351351351,Clustered,551,AVP,MyList_SUB1
6,4.351351351351351,Clustered,661,POLR3D,MyList_SUB1
6,4.351351351351351,Clustered,8992,ATP6V0E1,MyList_SUB1
6,4.351351351351351,Clustered,9615,GDA,MyList_SUB1
6,4.351351351351351,Clustered,54802,TRIT1,MyList_SUB1
6,4.351351351351351,Clustered,11019,LIAS,MyList_SUB1
6,4.351351351351351,Clustered,4048,LTA4H,MyList_SUB1
6,4.351351351351351,Clustered,6821,SUOX,MyList_SUB1
6,4.351351351351351,Clustered,51004,COQ6,MyList_SUB1
6,4.351351351351351,Clustered,23417,MLYCD,MyList_SUB1
6,4.351351351351351,Clustered,414328,IDNK,MyList_SUB1
6,4.351351351351351,Clustered,2954,GSTZ1,MyList_SUB1
6,4.351351351351351,Clustered,51082,POLR1D,MyList_SUB1
6,4.351351351351351,Clustered,5435,POLR2F,MyList_SUB1
6,4.351351351351351,Clustered,5436,POLR2G,MyList_SUB1
6,4.351351351351351,Clustered,221830,POLR1F,MyList_SUB1
6,4.351351351351351,Clustered,8694,DGAT1,MyList_SUB1
6,4.351351351351351,Clustered,978,CDA,MyList_SUB1
6,4.351351351351351,Clustered,139596,UPRT,MyList_SUB1
6,4.351351351351351,Clustered,10901,DHRS4,MyList_SUB1
5,3.5227272727272725,Clustered,8813,DPM1,MyList_SUB1
5,3.5227272727272725,Clustered,10621,POLR3F,MyList_SUB1
5,3.5227272727272725,Clustered,4357,MPST,MyList_SUB1
5,3.5227272727272725,Clustered,93100,NAPRT,MyList_SUB1
5,3.5227272727272725,Clustered,5742,PTGS1,MyList_SUB1
5,3.5227272727272725,Clustered,55650,PIGV,MyList_SUB1
5,3.5227272727272725,Clustered,79717,PPCS,MyList_SUB1
5,3.5227272727272725,Clustered,64802,NMNAT1,MyList_SUB1
5,3.5227272727272725,Clustered,8733,GPAA1,MyList_SUB1
5,3.5227272727272725,Clustered,93183,PIGM,MyList_SUB1
5,3.5227272727272725,Seed,495,ATP4A,MyList_SUB1
5,3.5227272727272725,Clustered,23193,GANAB,MyList_SUB1
5,3.5227272727272725,Clustered,22845,DOLK,MyList_SUB1
5,3.5227272727272725,Clustered,479,ATP12A,MyList_SUB1
5,3.5227272727272725,Clustered,23743,BHMT2,MyList_SUB1
5,3.5227272727272725,Clustered,7264,GFUS,MyList_SUB1
5,3.5227272727272725,Clustered,8566,PDXK,MyList_SUB1
5,3.5227272727272725,Clustered,55163,PNPO,MyList_SUB1
5,3.5227272727272725,Clustered,60490,PPCDC,MyList_SUB1
5,3.5227272727272725,Clustered,7991,TUSC3,MyList_SUB1
5,3.5227272727272725,Clustered,5434,POLR2E,MyList_SUB1
5,3.5227272727272725,Clustered,23175,LPIN1,MyList_SUB1
5,3.5227272727272725,Clustered,51144,HSD17B12,MyList_SUB1
5,3.5227272727272725,Clustered,10623,POLR3C,MyList_SUB1
5,3.5227272727272725,Clustered,11128,POLR3A,MyList_SUB1
5,3.5227272727272725,Clustered,1798,DPAGT1,MyList_SUB1
5,3.5227272727272725,Clustered,7390,UROS,MyList_SUB1
5,3.5227272727272725,Clustered,5441,POLR2L,MyList_SUB1
5,3.5227272727272725,Clustered,10195,ALG3,MyList_SUB1
5,3.5227272727272725,Clustered,79796,ALG9,MyList_SUB1
5,3.5227272727272725,Clustered,3612,IMPA1,MyList_SUB1
5,3.5227272727272725,Clustered,51218,GLRX5,MyList_SUB1
5,3.5227272727272725,Clustered,10726,NUDC,MyList_SUB1
5,3.5227272727272725,Clustered,5430,POLR2A,MyList_SUB1
5,3.5227272727272725,Clustered,3081,HGD,MyList_SUB1
5,3.5227272727272725,Clustered,10622,POLR3G,MyList_SUB1
5,3.5227272727272725,Clustered,79053,ALG8,MyList_SUB1
5,3.5227272727272725,Clustered,3141,HLCS,MyList_SUB1
5,3.5227272727272725,Clustered,7263,TST,MyList_SUB1
5,3.5227272727272725,Clustered,5033,P4HA1,MyList_SUB1
5,3.5227272727272725,Clustered,201595,STT3B,MyList_SUB1
5,3.5227272727272725,Clustered,10588,MTHFS,MyList_SUB1
5,3.5227272727272725,Clustered,3422,IDI1,MyList_SUB1
5,3.5227272727272725,Clustered,4597,MVD,MyList_SUB1
7,2.590909090909091,Clustered,10269,ZMPSTE24,MyList_SUB1
7,2.590909090909091,Clustered,5424,POLD1,MyList_SUB1
7,2.590909090909091,Clustered,80146,UXS1,MyList_SUB1
7,2.590909090909091,Clustered,23475,QPRT,MyList_SUB1
7,2.590909090909091,Clustered,5833,PCYT2,MyList_SUB1
7,2.590909090909091,Clustered,5536,PPP5C,MyList_SUB1
7,2.590909090909091,Clustered,1040,CDS1,MyList_SUB1
7,2.590909090909091,Clustered,9091,PIGQ,MyList_SUB1
7,2.590909090909091,Clustered,5427,POLE2,MyList_SUB1
7,2.590909090909091,Clustered,23463,ICMT,MyList_SUB1
7,2.590909090909091,Clustered,8760,CDS2,MyList_SUB1
7,2.590909090909091,Seed,9524,TECR,MyList_SUB1
7,2.590909090909091,Clustered,10243,GPHN,MyList_SUB1
7,2.590909090909091,Clustered,55256,ADI1,MyList_SUB1
7,2.590909090909091,Clustered,6118,RPA2,MyList_SUB1
7,2.590909090909091,Clustered,56052,ALG1,MyList_SUB1
7,2.590909090909091,Clustered,79888,LPCAT1,MyList_SUB1
7,2.590909090909091,Clustered,94005,PIGS,MyList_SUB1
7,2.590909090909091,Clustered,29880,ALG5,MyList_SUB1
7,2.590909090909091,Clustered,85465,SELENOI,MyList_SUB1
7,2.590909090909091,Clustered,137964,GPAT4,MyList_SUB1
7,2.590909090909091,Clustered,5277,PIGA,MyList_SUB1
8,1.25,Clustered,55500,ETNK1,MyList_SUB1
8,1.25,Clustered,253430,IPMK,MyList_SUB1
8,1.25,Clustered,8867,SYNJ1,MyList_SUB1
8,1.25,Clustered,9489,PGS1,MyList_SUB1
9,1.0,Clustered,1606,DGKA,MyList_SUB1
9,1.0,Clustered,5298,PI4KB,MyList_SUB1
9,1.0,Clustered,8877,SPHK1,MyList_SUB1
