_MEMBER_MyList,_LogP_MyList,GO,_PATTERN_,_RANK_,GiniIndex,Category,CategoryID,Description,PARENT_GO,LogP,Enrichment,Z-score,#TotalGeneInLibrary,#GeneInGO,#GeneInHitList,#GeneInGOAndHitList,%InGO,STDV %InGO,GeneID,Hits,Log(q-value),EvidenceCutoff
1,-15,PGB:00001,M1,1,0,PaGenBase,36,Tissue-specific: liver,,-15,4,10,30182,691,487,45,9.2,1.3,51|158|189|211|435|590|622|1723|1798|1807|2158|2184|2203|2639|2643|2645|2653|2720|2731|2875|2954|3081|3155|3157|3242|5009|5053|5091|5433|5624|5625|6470|6472|6652|6898|7263|7358|7498|9942|10195|10588|23475|23498|51733|93100,ACOX1|ADSL|AGXT|ALAS1|ASL|BCHE|BDH1|DHODH|DPAGT1|DPYS|F9|FAH|FBP1|GCDH|GCH1|GCK|GCSH|GLB1|GLDC|GPT|GSTZ1|HGD|HMGCL|HMGCS1|HPD|OTC|PAH|PC|POLR2D|PROC|PRODH|SHMT1|SHMT2|SORD|TAT|TST|UGDH|XDH|XYLB|ALG3|MTHFS|QPRT|HAAO|UPB1|NAPRT,-12,0
1,-3.2,PGB:00002,M1,1,0,PaGenBase,36,Cell-specific: HEPG2,,-3.2,2.5,3.9,30182,425,487,17,3.5,0.83,189|1119|2731|2762|3081|3242|5053|5130|5320|5433|5624|5625|5833|6470|7358|9942|283459,AGXT|CHKA|GLDC|GMDS|HGD|HPD|PAH|PCYT1A|PLA2G2A|POLR2D|PROC|PRODH|PCYT2|SHMT1|UGDH|XYLB|GATC,-1.6,0
1,-2.6,PGB:00026,M1,1,0,PaGenBase,36,Cell-specific: CD71+ EarlyErythroid,,-2.6,3.4,3.7,30182,147,487,8,1.6,0.58,210|2235|3145|4860|5498|7389|8818|22934,ALAD|FECH|HMBS|PNP|PPOX|UROD|DPM2|RPIA,-1.1,0
1,-2,PGB:00049,M1,1,0,PaGenBase,36,Cell-specific: Adipocyte,,-2,3,3.1,30182,145,487,7,1.4,0.54,47|2752|2819|4128|5320|5433|8639,ACLY|GLUL|GPD1|MAOA|PLA2G2A|POLR2D|AOC3,-0.71,0
1,-1.7,PGB:00008,M1,1,0,PaGenBase,36,Tissue-specific: small intestine,,-1.7,2.9,2.8,30182,128,487,6,1.2,0.5,1040|1371|2695|8694|9615|57016,CDS1|CPOX|GIP|DGAT1|GDA|AKR1B10,-0.49,0
1,-1.7,PGB:00060,M1,1,0,PaGenBase,36,Tissue-specific: retinoblastoma,,-1.7,3.2,2.8,30182,97,487,5,1,0.46,2597|2987|5427|6241|7298,GAPDH|GUK1|POLE2|RRM2|TYMS,-0.44,0
1,-1.4,PGB:00037,M1,1,0,PaGenBase,36,Tissue-specific: heart,,-1.4,1.9,2.1,30182,321,487,10,2.1,0.64,513|516|1537|3418|4713|4728|5439|5625|7306|79868,ATP5F1D|ATP5MC1|CYC1|IDH2|NDUFB7|NDUFS8|POLR2J|PRODH|TYRP1|ALG13,-0.24,0
