_MEMBER_MyList,_LogP_MyList,GO,Description,_PATTERN_,_RANK_,CHILD_GO_MyList
1,-100.0,GO:0008152,metabolic process,M1,1,GO:0090407 organophosphate biosynthetic process
1,-31.8814005469354,GO:0051179,localization,M1,1,GO:1902600 proton transmembrane transport
1,-19.316809877469687,GO:0009987,cellular process,M1,1,GO:0032981 mitochondrial respiratory chain complex I assembly
1,-6.764290120756569,GO:0050896,response to stimulus,M1,1,GO:0000731 DNA synthesis involved in DNA repair
1,-5.393511698311002,GO:0042592,homeostatic process,M1,1,GO:0097401 synaptic vesicle lumen acidification
1,-5.01711731327173,GO:0032502,developmental process,M1,1,GO:0001889 liver development
1,-4.51589643552528,GO:0048518,positive regulation of biological process,M1,1,GO:0032728 positive regulation of interferon-beta production
1,-3.551783244525459,GO:0032501,multicellular organismal process,M1,1,GO:0032648 regulation of interferon-beta production
1,-3.486484893144663,GO:0098754,detoxification,M1,1,GO:0110095 cellular detoxification of aldehyde
1,-2.681841008172015,GO:0050789,regulation of biological process,M1,1,GO:0097006 regulation of plasma lipoprotein particle levels
1,-2.2279787036465732,GO:0048519,negative regulation of biological process,M1,1,GO:0010677 negative regulation of cellular carbohydrate metabolic process
1,-2.157053491368436,GO:0048511,rhythmic process,M1,1,GO:0007623 circadian rhythm
1,-1.964277009424799,GO:0065007,biological regulation,M1,1,GO:0050878 regulation of body fluid levels
1,-1.8344909553917348,GO:0016032,viral process,M1,1,GO:0019082 viral protein processing
1,-1.7241153625939383,GO:0002376,immune system process,M1,1,GO:0033077 T cell differentiation in thymus
1,-1.65014657469044,GO:0044419,biological process involved in interspecies interaction between organisms,M1,1,GO:0051607 defense response to virus
1,-1.5162672531763943,GO:0023052,signaling,M1,1,GO:0048015 phosphatidylinositol-mediated signaling
